Promo - Two-Headed Giant,2005
Promo - Summer of Magic,2007
Promo - Dragon Con,1996
Promo - Ugin's Fate,2015
Player Rewards 2001,2001
Player Rewards 2002,2002
Player Rewards 2003,2003
Player Rewards 2004,2004
Astral,1997
Dreamcast,2000
Asia Pacific Lands,1997
Guru Lands,1999
European Lands,1999
Starter 1999,1999
Starter 2000,2000
Deckmasters 2001,2001
8th Edition Box Set,2003
9th Edition Box Set,2005
Beatdown,2000
Anthologies,1998
Battle Royale,1999
Masters Edition,2007
Masters Edition II,2008
Masters Edition III,2009
Masters Edition IV,2011
Theme Decks Sets,2010
Duel Decks: Mirrodin Pure vs. New Phyrexia,2011 
Planechase,2009
Planechase Planes,2009
Planechase 2012 Edition,2012
Planechase 2012 Edition Planes,2012
Planechase Anthology,2016
Planechase Anthology Planes,2016
From the Vault: Exiled,2009
From the Vault: Dragons,2008
From the Vault: Relics,2010
From the Vault: Legends,2011
From the Vault: Realms,2012
From the Vault: Twenty,2013
From the Vault: Annihilation,2014
From the Vault: Angels,2015
From the Vault: Lore,2016
Premium Deck Series: Slivers,2009
Premium Deck Series: Fire and Lightning,2010
Premium Deck Series: Graveborn,2011
Duel Decks: Elves vs Goblins,2007
Duel Decks: Jace vs Chandra,2008
Duel Decks: Divine vs Demonic,2009
Duel Decks: Garruk vs. Liliana,2009
Duel Decks: Phyrexia vs. the Coalition,2010
Duel Decks: Elspeth vs. Tezzeret,2010
Duel Decks: Knights vs. Dragons,2011
Duel Decks: Ajani vs. Nicol Bolas,2011
Duel Decks: Venser vs. Koth,2012
Duel Decks: Izzet vs. Golgari,2012
Duel Decks: Sorin vs. Tibalt,2013
Duel Decks: Heroes vs. Monsters,2013
Duel Decks: Jace vs. Vraska,2014
Duel Decks: Speed vs. Cunning,2014
Duel Decks: Kiora vs. Elspeth,2015
Duel Decks: Zendikar vs. Eldrazi,2015
Duel Decks: Blessed vs. Cursed,2016
Duel Decks: Nissa vs. Ob Nixilis,2016
Duel Decks: Mind vs. Might,2017
Duel Decks Anthology: Elves vs Goblins,2016
Duel Decks Anthology: Jace vs Chandra,2016
Duel Decks Anthology: Divine vs Demonic,2016
Duel Decks Anthology: Garruk vs. Liliana,2016
The Sorcerer's Apprentice,2009
Clash Pack: Fate and Fury,2014
Clash Pack: Power and Profit,2015
Clash Pack: Armed and Dangerous,2015
Challenge Deck 1: Face the Hydra,2013
Challenge Deck 2: Battle the Horde,2014
Challenge Deck 3: Defeat a God,2014
Archenemy,2010
Archenemy Schemes,2010
Archenemy: Nicol Bolas,2017
Archenemy: Nicol Bolas Schemes,2017
Duels of the Planeswalker,2010
Duels of the Planeswalkers 2011,2011
Duels of the Planeswalkers 2012,2012
Duels of the Planeswalkers 2013,2013
Duels of the Planeswalkers 2014,2014
Duels of the Planeswalkers 2015,2015
Introductory Two-Player Starter,1996
Commander,2011
Commander's Arsenal,2012
Commander 2013 Edition,2013
Commander 2014 Edition,2014
Commander 2015 Edition,2015
Commander 2016 Edition,2016
Commander Anthology,2017
Conspiracy,2014
Conspiracy: Take the Crown,2016
Modern Event Deck 2014,2014
Modern Masters,2013
Modern Masters 2015,2015
Modern Masters 2017 Edition,2017
Vintage Masters,2014
Tempest Remastered,2015
Eternal Masters,2016
Welcome Deck 2016,2016
Alpha,1993
Beta,1993
Unlimited,1993
Arabian Nights,1993
Antiquities,1994
Revised,1994
Legends,1994
The Dark,1994
Fallen Empires,1994
Fourth Edition,1995
Chronicles,1995
Homelands,1995
Ice Age,1995
Alliances,1996
Coldsnap,2006
Coldsnap Theme Decks,2006
Portal,1997
Portal Second Age,1998
Portal Three Kingdoms,1999
Mirage,1996
Fifth Edition,1997
Visions,1997
Weatherlight,1997
Tempest,1997
Stronghold,1998
Exodus,1998
Unglued,1998
Urza's Saga,1998
Sixth Edition,1999
Urza's Legacy,1999
Urza's Destiny,1999
Mercadian Masques,1999
Nemesis,2000
Prophecy,2000
Invasion,2000
Planeshift,2001
Apocalypse,2001
Odyssey,2001
Seventh Edition,2001
Torment,2002
Judgment,2002
Onslaught,2002
Legions,2003
Scourge,2003
Eighth Edition,2003
Mirrodin,2003
Darksteel,2004
Fifth Dawn,2004
Champions of Kamigawa,2004
Unhinged,2004
Ninth Edition,2005
Betrayers of Kamigawa,2005
Saviors of Kamigawa,2005
Ravnica: City of Guilds,2005
Guildpact,2006
Dissension,2006
Time Spiral,2006
Time Spiral Timeshifted,2006
Planar Chaos,2007
Future Sight,2007
Tenth Edition,2007
Lorwyn,2007
Morningtide,2008
Shadowmoor,2008
Eventide,2008
Shards of Alara,2008
Conflux,2009
Alara Reborn,2009
Magic 2010,2009
Zendikar,2009
Worldwake,2010
Rise of the Eldrazi,2010
Magic 2011,2010
Scars of Mirrodin,2010
Mirrodin Besieged,2011
New Phyrexia,2011
Magic 2012,2011
Innistrad,2011
Dark Ascension,2012
Avacyn Restored,2012
Magic 2013,2012
Return to Ravnica,2012
Gatecrash,2013
Dragon's Maze,2013
Magic 2014,2013
Theros,2013
Born of the Gods,2014
Journey into Nyx,2014
Magic 2015,2014
Khans of Tarkir,2014
Fate Reforged,2015
Dragons of Tarkir,2015
Magic Origins,2015
Battle for Zendikar,2015
Zendikar Expeditions,2015
Oath of the Gatewatch,2016
Shadows over Innistrad,2016
Eldritch Moon,2016
Kaladesh,2016
Kaladesh Invetions,2016
Aether Revolt,2017
Amonkhet,2017
Hour of Devastation,2017