Angel,token
Ape,token
"Ashaya, The Awoken World",token
Assassin,token
Assembly-Worker,token
Avatar,token
Bat,token
Bear,token
Beast,token
Bird,token
Bird Soldier,token
Boar,token
Butterfly,token
Camarid,token
Caribou,token
Carnivore,token
Cat,token
Cat Soldier,token
Cat Warrior,token
Centaur,token
Citizen,token
Cleric,token
Cloud Sprite,token
Clue,token
Construct,token
Demon,token
Deserter,token
Devil,token
Djinn,token
Djinn Monk,token
Dragon,token
Dragon Spirit,token
Drake,token
Eldrazi,token
Eldrazi Scion,token
Eldrazi Spawn,token
Elemental,token
Elemental Cat,token
Elemental Shaman,token
Elephant,token
Elf Druid,token
Elf Warrior,token
Expansion-Symbol,token
Faerie,token
Faerie Rogue,token
Festering Goblin,token
Fish,token
Frog Lizard,token
Gargoyle,token
Germ,token
Giant,token
Giant Adephage,token
Giant Chicken,token
Giant Teddy Bear,token
Giant Warrior,token
Gnome,token
Goat,token
Goblin,token
Goblin Rogue,token
Goblin Scout,token
Goblin Soldier,token
Goblin Warrior,token
Gold,token
Goldmeadow Harrier,token
Golem,token
Graveborn,token
Griffin,token
Harpy,token
Hellion,token
Hippo,token
Homunculus,token
Hornet,token
Horror,token
Hound,token
Human,token
Hydra,token
Illusion,token
Insect,token
Kaldra,token
Kavu,token
Kelp,token
Kithkin Soldier,token
Knight,token
Knight Ally,token
Kobolds of Kher Keep,token
Kor Ally,token
Kor Soldier,token
Kraken,token
Land Mine,token
Lightning Rager,token
Lizard,token
Llanowar Elves,token
Manifest,token
Marit Lage,token
Merfolk,token
Merfolk Wizard,token
Metallic Sliver,token
Minion,token
Minor Demon,token
Minotaur,token
Monk,token
Morph,token
Myr,token
Octopus,token
Ogre,token
Ooze,token
Orb,token
Pegasus,token
Pentavite,token
Pest,token
Pincher,token
Plant,token
Prism,token
Rabid Sheep,token
Rat,token
Reflection,token
Rhino,token
Rukh,token
Sand,token
Sand Warrior,token
Saproling,token
Satyr,token
Serf,token
Servo,token
Shapeshifter,token
Sheep,token
Skeleton,token
Sliver,token
Snake,token
Soldier,token
Soldier Ally,token
Spark Elemental,token
Spawn,token
Sphinx,token
Spider,token
Spike,token
Spirit,token
Spirit Warrior,token
Squid,token
Squirrel,token
Stangg Twin,token
Starfish,token
Stoneforged Blade,token
Survivor,token
Tetravite,token
Thopter,token
Thrull,token
Tombspawn,token
Treefolk Shaman,token
Treefolk Warrior,token
Treefolk,token
Triskelavite,token
Tuktuk the Returned,token
Twin,token
Urami,token
Vampire,token
Voja,token
Wall,token
Warrior,token
Wasp,token
Weird,token
Whale,token
Wolf,token
Wolves of the Hunt,token
Wood,token
Worm,token
Wurm,token
Zombie,token
Zombie Giant,token
Zombie Horror,token
Zombie Wizard,token
Antelope,token
Etherium Cell,token
Gremlin,token
Ragavan,token
Emblem: Ajani Steadfast,emblem
"Emblem: Chandra, Roaring Flame",emblem
Emblem: Dack Fayden,emblem
"Emblem: Daretti, Scrap Savant",emblem
Emblem: Domri Rade,emblem
"Emblem: Elspeth, Knight-Errant",emblem
"Emblem: Elspeth, Sun's Champion",emblem
"Emblem: Garruk, Apex Predator",emblem
"Emblem: Garruk, Caller of Beasts",emblem
"Emblem: Gideon, Ally of Zendikar",emblem
"Emblem: Jace, Telepath Unbound",emblem
"Emblem: Kiora, Master of the Depths",emblem
"Emblem: Kiora, the Crashing Wave",emblem
Emblem: Koth of the Hammer,emblem
Emblem: Liliana of the Dark Realms,emblem
"Emblem: Liliana, Defiant Necromancer",emblem
Emblem: Narset Trancendent,emblem
Emblem: Ob Nixilis of the Black Oath,emblem
Emblem: Ob Nixilis Reignited,emblem
"Emblem: Sarkhan, the Dragonspeaker",emblem
"Emblem: Sorin, Lord of Innistrad",emblem
"Emblem: Sorin, Solemn Visitor",emblem
"Emblem: Tamiyo, The Moon Sage",emblem
"Emblem: Teferi, Temporal Archmage",emblem
"Emblem: Venser, the Sojourner",emblem
Emblem: Arlinn Kord,emblem
Clue,token
"Emblem: Jace, Unraveler of Secrets",emblem
Human Cleric,token
Human Soldier,token
Vampire Knight,token
Eldrazi Horror,token
Human Wizard,token
"Emblem: Liliana, the Last Hope",emblem
"Emblem: Tamiyo, Field Researcher",emblem
The Monarch,token
"Emblem: Chandra, Torch of Defiance",emblem
Emblem: Dovin Baan,emblem
"Emblem: Nissa, Vital Force",emblem
"Emblem: Ob Nixilis",emblem
Emblem: Tezzeret the Schemer,emblem