Platinum Angel,Mirran Artifact
Memnite,Mirran Artifact
Steel Wall,Mirran Artifact
Ardent Recruit,Mirran White
Vedalken Certarch,Mirran Blue
Gold Myr,Mirran Artifact
Myr Retriever,Mirran Artifact
Silver Myr,Mirran Artifact
Trinket Mage,Mirran Blue
Grand Architect,Mirran Blue
Silent Arbiter,Mirran Artifact
Glimmerpoint Stag,Mirran White
Argent Sphinx,Mirran Blue
Kuldotha Forgemaster,Mirran Artifact
Spire Serpent,Mirran Blue
Darksteel Sentinel,Mirran Artifact
Duplicant,Mirran Artifact
Lumengrid Gargoyle,Mirran Artifact
Darksteel Gargoyle,Mirran Artifact
Bonesplitter,Mirran Artifact
Slagwurm Armor,Mirran Artifact
Condemn,Mirran White
Dispatch,Mirran White
Steelshaper's Gift,Mirran White
Neurok Stealthsuit,Mirran Artifact
Talisman of Progress,Mirran Artifact
Viridian Claw,Mirran Artifact
Purge,Mirran White
Test of Faith,Mirran White
Turn the Tide,Mirran Blue
Thunderstaff,Mirran Artifact
Arrest,Mirran White
Thirst for Knowledge,Mirran Blue
Stoic Rebuttal,Mirran Blue
White Sun's Zenith,Mirran White
Ancient Den,Mirran Land
Blinkmoth Nexus,Mirran Land
Coastal Tower,Mirran Land
Forbidding Watchtower,Mirran Land
Seat of the Synod,Mirran Land
Terramorphic Expanse,Mirran Land
Phyrexian Plaguelord,Phyrexian Black
Fume Spitter,Phyrexian Black
Myr Sire,Phyrexian Artifact
Plague Myr,Phyrexian Artifact
Viridian Emissary,Phyrexian Green
Phyrexian Ghoul,Phyrexian Black
Rot Wolf,Phyrexian Green
Necroskitter,Phyrexian Black
Viridian Corrupter,Phyrexian Green
Desecration Elemental,Phyrexian Black
Flesh-Eater Imp,Phyrexian Black
Symbiotic Elf,Phyrexian Green
Soul Snuffers,Phyrexian Black
Mitotic Slime,Phyrexian Green
Plaguemaw Beast,Phyrexian Green
Phyrexian Juggernaut,Phyrexian Artifact
Drooling Groodion,Phyrexian BlackGreen
Protean Hulk,Phyrexian Green
Innocent Blood,Phyrexian Black
Contagion Clasp,Phyrexian Artifact
Mortarpod,Phyrexian Artifact
Spawning Pit,Phyrexian Artifact
Exhume,Phyrexian Black
Phyrexian Altar,Phyrexian Artifact
Morbid Plunder,Phyrexian Black
Putrefy,Phyrexian BlackGreen
Grafted Exoskeleton,Phyrexian Artifact
Diabolic Servitude,Phyrexian Black
Barter in Blood,Phyrexian Black
Reprocess,Phyrexian Black
Triumph of the Hordes,Phyrexian Green
Spread the Sickness,Phyrexian Black
One Dozen Eyes,Phyrexian Green
Black Sun's Zenith,Phyrexian Black
Tainted Wood,Phyrexian Land
